"","fips","cases","cases.per.year","cases.per.decade"
"1",1001,2,0.125,1.25
"2",1003,4,0.25,2.5
"3",1007,1,0.0625,0.625
"4",1011,1,0.0625,0.625
"5",1013,3,0.1875,1.875
"6",1021,1,0.0625,0.625
"7",1023,3,0.1875,1.875
"8",1025,3,0.1875,1.875
"9",1031,3,0.1875,1.875
"10",1035,3,0.1875,1.875
"11",1037,1,0.0625,0.625
"12",1039,3,0.1875,1.875
"13",1041,3,0.1875,1.875
"14",1045,3,0.1875,1.875
"15",1047,2,0.125,1.25
"16",1051,1,0.0625,0.625
"17",1053,4,0.25,2.5
"18",1057,1,0.0625,0.625
"19",1059,1,0.0625,0.625
"20",1061,4,0.25,2.5
"21",1063,2,0.125,1.25
"22",1065,2,0.125,1.25
"23",1067,2,0.125,1.25
"24",1069,3,0.1875,1.875
"25",1075,1,0.0625,0.625
"26",1085,2,0.125,1.25
"27",1091,3,0.1875,1.875
"28",1093,1,0.0625,0.625
"29",1097,6,0.375,3.75
"30",1099,3,0.1875,1.875
"31",1101,2,0.125,1.25
"32",1105,2,0.125,1.25
"33",1107,1,0.0625,0.625
"34",1109,3,0.1875,1.875
"35",1119,2,0.125,1.25
"36",1125,1,0.0625,0.625
"37",1129,4,0.25,2.5
"38",1131,2,0.125,1.25
"39",5005,1,0.0625,0.625
"40",5049,1,0.0625,0.625
"41",5065,1,0.0625,0.625
"42",5071,1,0.0625,0.625
"43",5081,1,0.0625,0.625
"44",5089,1,0.0625,0.625
"45",5101,1,0.0625,0.625
"46",5115,1,0.0625,0.625
"47",5129,1,0.0625,0.625
"48",5133,1,0.0625,0.625
"49",5135,1,0.0625,0.625
"50",5137,1,0.0625,0.625
"51",5141,1,0.0625,0.625
"52",5149,1,0.0625,0.625
"53",9001,4,0.25,2.5
"54",9003,3,0.1875,1.875
"55",9005,2,0.125,1.25
"56",9007,3,0.1875,1.875
"57",9009,3,0.1875,1.875
"58",9011,3,0.1875,1.875
"59",9013,3,0.1875,1.875
"60",9015,3,0.1875,1.875
"61",10001,3,0.1875,1.875
"62",10003,3,0.1875,1.875
"63",10005,4,0.25,2.5
"64",11001,2,0.125,1.25
"65",12001,6,0.375,3.75
"66",12003,5,0.3125,3.125
"67",12005,5,0.3125,3.125
"68",12007,6,0.375,3.75
"69",12009,8,0.5,5
"70",12011,8,0.5,5
"71",12013,3,0.1875,1.875
"72",12015,6,0.375,3.75
"73",12017,6,0.375,3.75
"74",12019,5,0.3125,3.125
"75",12021,9,0.5625,5.625
"76",12023,6,0.375,3.75
"77",12027,6,0.375,3.75
"78",12029,6,0.375,3.75
"79",12031,5,0.3125,3.125
"80",12033,5,0.3125,3.125
"81",12035,4,0.25,2.5
"82",12037,5,0.3125,3.125
"83",12039,3,0.1875,1.875
"84",12041,5,0.3125,3.125
"85",12043,8,0.5,5
"86",12045,4,0.25,2.5
"87",12047,4,0.25,2.5
"88",12049,6,0.375,3.75
"89",12051,8,0.5,5
"90",12053,4,0.25,2.5
"91",12055,7,0.4375,4.375
"92",12057,5,0.3125,3.125
"93",12059,5,0.3125,3.125
"94",12061,7,0.4375,4.375
"95",12063,3,0.1875,1.875
"96",12065,2,0.125,1.25
"97",12067,6,0.375,3.75
"98",12069,5,0.3125,3.125
"99",12071,8,0.5,5
"100",12073,2,0.125,1.25
"101",12075,6,0.375,3.75
"102",12077,3,0.1875,1.875
"103",12079,3,0.1875,1.875
"104",12081,5,0.3125,3.125
"105",12083,5,0.3125,3.125
"106",12085,7,0.4375,4.375
"107",12086,8,0.5,5
"108",12087,6,0.375,3.75
"109",12089,5,0.3125,3.125
"110",12091,4,0.25,2.5
"111",12093,8,0.5,5
"112",12095,5,0.3125,3.125
"113",12097,5,0.3125,3.125
"114",12099,7,0.4375,4.375
"115",12101,5,0.3125,3.125
"116",12103,5,0.3125,3.125
"117",12105,5,0.3125,3.125
"118",12107,4,0.25,2.5
"119",12109,4,0.25,2.5
"120",12111,8,0.5,5
"121",12113,4,0.25,2.5
"122",12115,6,0.375,3.75
"123",12117,5,0.3125,3.125
"124",12119,6,0.375,3.75
"125",12121,5,0.3125,3.125
"126",12123,4,0.25,2.5
"127",12125,6,0.375,3.75
"128",12127,6,0.375,3.75
"129",12129,2,0.125,1.25
"130",12131,4,0.25,2.5
"131",12133,5,0.3125,3.125
"132",13007,1,0.0625,0.625
"133",13025,2,0.125,1.25
"134",13027,2,0.125,1.25
"135",13029,2,0.125,1.25
"136",13039,4,0.25,2.5
"137",13049,3,0.1875,1.875
"138",13051,3,0.1875,1.875
"139",13071,1,0.0625,0.625
"140",13075,1,0.0625,0.625
"141",13087,2,0.125,1.25
"142",13099,1,0.0625,0.625
"143",13101,4,0.25,2.5
"144",13103,2,0.125,1.25
"145",13127,4,0.25,2.5
"146",13131,1,0.0625,0.625
"147",13179,1,0.0625,0.625
"148",13183,1,0.0625,0.625
"149",13185,2,0.125,1.25
"150",13191,4,0.25,2.5
"151",13201,1,0.0625,0.625
"152",13205,1,0.0625,0.625
"153",13229,2,0.125,1.25
"154",13253,1,0.0625,0.625
"155",13275,1,0.0625,0.625
"156",13299,1,0.0625,0.625
"157",17005,1,0.0625,0.625
"158",17019,1,0.0625,0.625
"159",17021,1,0.0625,0.625
"160",17023,1,0.0625,0.625
"161",17025,1,0.0625,0.625
"162",17027,1,0.0625,0.625
"163",17029,1,0.0625,0.625
"164",17033,1,0.0625,0.625
"165",17035,1,0.0625,0.625
"166",17041,1,0.0625,0.625
"167",17045,1,0.0625,0.625
"168",17047,1,0.0625,0.625
"169",17049,1,0.0625,0.625
"170",17051,1,0.0625,0.625
"171",17055,1,0.0625,0.625
"172",17065,1,0.0625,0.625
"173",17077,1,0.0625,0.625
"174",17079,1,0.0625,0.625
"175",17081,1,0.0625,0.625
"176",17101,1,0.0625,0.625
"177",17115,1,0.0625,0.625
"178",17119,1,0.0625,0.625
"179",17121,1,0.0625,0.625
"180",17133,1,0.0625,0.625
"181",17135,1,0.0625,0.625
"182",17139,1,0.0625,0.625
"183",17145,1,0.0625,0.625
"184",17147,1,0.0625,0.625
"185",17157,1,0.0625,0.625
"186",17159,1,0.0625,0.625
"187",17163,1,0.0625,0.625
"188",17165,1,0.0625,0.625
"189",17173,1,0.0625,0.625
"190",17181,1,0.0625,0.625
"191",17183,1,0.0625,0.625
"192",17185,1,0.0625,0.625
"193",17189,1,0.0625,0.625
"194",17191,1,0.0625,0.625
"195",17193,1,0.0625,0.625
"196",17199,1,0.0625,0.625
"197",18001,1,0.0625,0.625
"198",18003,1,0.0625,0.625
"199",18005,1,0.0625,0.625
"200",18007,1,0.0625,0.625
"201",18009,1,0.0625,0.625
"202",18011,1,0.0625,0.625
"203",18013,1,0.0625,0.625
"204",18015,1,0.0625,0.625
"205",18017,1,0.0625,0.625
"206",18021,1,0.0625,0.625
"207",18023,1,0.0625,0.625
"208",18027,1,0.0625,0.625
"209",18033,1,0.0625,0.625
"210",18035,1,0.0625,0.625
"211",18039,1,0.0625,0.625
"212",18041,1,0.0625,0.625
"213",18045,1,0.0625,0.625
"214",18049,1,0.0625,0.625
"215",18051,1,0.0625,0.625
"216",18053,1,0.0625,0.625
"217",18055,1,0.0625,0.625
"218",18057,1,0.0625,0.625
"219",18059,1,0.0625,0.625
"220",18063,1,0.0625,0.625
"221",18065,1,0.0625,0.625
"222",18067,1,0.0625,0.625
"223",18069,1,0.0625,0.625
"224",18073,1,0.0625,0.625
"225",18075,1,0.0625,0.625
"226",18081,1,0.0625,0.625
"227",18083,1,0.0625,0.625
"228",18085,1,0.0625,0.625
"229",18087,1,0.0625,0.625
"230",18093,1,0.0625,0.625
"231",18095,1,0.0625,0.625
"232",18097,1,0.0625,0.625
"233",18099,1,0.0625,0.625
"234",18101,1,0.0625,0.625
"235",18103,1,0.0625,0.625
"236",18105,1,0.0625,0.625
"237",18107,1,0.0625,0.625
"238",18109,1,0.0625,0.625
"239",18113,1,0.0625,0.625
"240",18119,1,0.0625,0.625
"241",18121,1,0.0625,0.625
"242",18125,1,0.0625,0.625
"243",18131,1,0.0625,0.625
"244",18133,1,0.0625,0.625
"245",18135,1,0.0625,0.625
"246",18139,1,0.0625,0.625
"247",18145,1,0.0625,0.625
"248",18149,1,0.0625,0.625
"249",18151,1,0.0625,0.625
"250",18153,1,0.0625,0.625
"251",18157,1,0.0625,0.625
"252",18159,1,0.0625,0.625
"253",18165,1,0.0625,0.625
"254",18167,1,0.0625,0.625
"255",18169,1,0.0625,0.625
"256",18171,1,0.0625,0.625
"257",18177,1,0.0625,0.625
"258",18179,1,0.0625,0.625
"259",18181,1,0.0625,0.625
"260",18183,1,0.0625,0.625
"261",22001,5,0.3125,3.125
"262",22003,5,0.3125,3.125
"263",22005,8,0.5,5
"264",22007,8,0.5,5
"265",22009,5,0.3125,3.125
"266",22011,5,0.3125,3.125
"267",22015,1,0.0625,0.625
"268",22017,1,0.0625,0.625
"269",22019,6,0.375,3.75
"270",22021,2,0.125,1.25
"271",22023,6,0.375,3.75
"272",22025,3,0.1875,1.875
"273",22029,3,0.1875,1.875
"274",22031,1,0.0625,0.625
"275",22033,5,0.3125,3.125
"276",22037,4,0.25,2.5
"277",22039,5,0.3125,3.125
"278",22041,2,0.125,1.25
"279",22043,3,0.1875,1.875
"280",22045,6,0.375,3.75
"281",22047,5,0.3125,3.125
"282",22051,9,0.5625,5.625
"283",22053,5,0.3125,3.125
"284",22055,6,0.375,3.75
"285",22057,9,0.5625,5.625
"286",22059,3,0.1875,1.875
"287",22063,6,0.375,3.75
"288",22069,2,0.125,1.25
"289",22071,8,0.5,5
"290",22075,8,0.5,5
"291",22077,4,0.25,2.5
"292",22079,5,0.3125,3.125
"293",22081,1,0.0625,0.625
"294",22085,4,0.25,2.5
"295",22087,8,0.5,5
"296",22089,9,0.5625,5.625
"297",22091,4,0.25,2.5
"298",22093,8,0.5,5
"299",22095,9,0.5625,5.625
"300",22097,6,0.375,3.75
"301",22099,6,0.375,3.75
"302",22101,8,0.5,5
"303",22103,9,0.5625,5.625
"304",22105,8,0.5,5
"305",22107,3,0.1875,1.875
"306",22109,8,0.5,5
"307",22113,6,0.375,3.75
"308",22115,5,0.3125,3.125
"309",22117,6,0.375,3.75
"310",22121,5,0.3125,3.125
"311",22125,5,0.3125,3.125
"312",22127,1,0.0625,0.625
"313",23001,2,0.125,1.25
"314",23003,1,0.0625,0.625
"315",23005,1,0.0625,0.625
"316",23007,1,0.0625,0.625
"317",23009,1,0.0625,0.625
"318",23011,2,0.125,1.25
"319",23013,1,0.0625,0.625
"320",23015,1,0.0625,0.625
"321",23017,1,0.0625,0.625
"322",23021,1,0.0625,0.625
"323",23023,1,0.0625,0.625
"324",23025,1,0.0625,0.625
"325",23027,1,0.0625,0.625
"326",23029,2,0.125,1.25
"327",23031,1,0.0625,0.625
"328",24001,2,0.125,1.25
"329",24003,2,0.125,1.25
"330",24005,1,0.0625,0.625
"331",24009,3,0.1875,1.875
"332",24011,4,0.25,2.5
"333",24013,1,0.0625,0.625
"334",24015,2,0.125,1.25
"335",24017,2,0.125,1.25
"336",24019,3,0.1875,1.875
"337",24021,1,0.0625,0.625
"338",24023,1,0.0625,0.625
"339",24025,2,0.125,1.25
"340",24027,1,0.0625,0.625
"341",24029,3,0.1875,1.875
"342",24031,2,0.125,1.25
"343",24033,2,0.125,1.25
"344",24035,3,0.1875,1.875
"345",24037,3,0.1875,1.875
"346",24039,5,0.3125,3.125
"347",24041,3,0.1875,1.875
"348",24043,2,0.125,1.25
"349",24045,5,0.3125,3.125
"350",24047,4,0.25,2.5
"351",24510,2,0.125,1.25
"352",25001,4,0.25,2.5
"353",25003,2,0.125,1.25
"354",25005,2,0.125,1.25
"355",25007,4,0.25,2.5
"356",25009,1,0.0625,0.625
"357",25011,2,0.125,1.25
"358",25013,2,0.125,1.25
"359",25015,2,0.125,1.25
"360",25017,2,0.125,1.25
"361",25019,3,0.1875,1.875
"362",25021,3,0.1875,1.875
"363",25023,2,0.125,1.25
"364",25025,2,0.125,1.25
"365",25027,2,0.125,1.25
"366",26023,1,0.0625,0.625
"367",26025,1,0.0625,0.625
"368",26049,1,0.0625,0.625
"369",26059,1,0.0625,0.625
"370",26075,1,0.0625,0.625
"371",26087,1,0.0625,0.625
"372",26091,1,0.0625,0.625
"373",26093,1,0.0625,0.625
"374",26099,1,0.0625,0.625
"375",26115,1,0.0625,0.625
"376",26125,1,0.0625,0.625
"377",26147,1,0.0625,0.625
"378",26149,1,0.0625,0.625
"379",26151,1,0.0625,0.625
"380",26161,1,0.0625,0.625
"381",26163,1,0.0625,0.625
"382",28001,4,0.25,2.5
"383",28005,3,0.1875,1.875
"384",28007,1,0.0625,0.625
"385",28019,1,0.0625,0.625
"386",28021,2,0.125,1.25
"387",28023,2,0.125,1.25
"388",28025,1,0.0625,0.625
"389",28029,1,0.0625,0.625
"390",28031,3,0.1875,1.875
"391",28035,3,0.1875,1.875
"392",28037,3,0.1875,1.875
"393",28039,6,0.375,3.75
"394",28041,6,0.375,3.75
"395",28045,10,0.625,6.25
"396",28047,10,0.625,6.25
"397",28049,1,0.0625,0.625
"398",28059,7,0.4375,4.375
"399",28061,3,0.1875,1.875
"400",28063,3,0.1875,1.875
"401",28065,2,0.125,1.25
"402",28067,3,0.1875,1.875
"403",28069,2,0.125,1.25
"404",28073,3,0.1875,1.875
"405",28075,2,0.125,1.25
"406",28077,2,0.125,1.25
"407",28079,1,0.0625,0.625
"408",28085,3,0.1875,1.875
"409",28087,1,0.0625,0.625
"410",28089,1,0.0625,0.625
"411",28091,2,0.125,1.25
"412",28095,1,0.0625,0.625
"413",28099,1,0.0625,0.625
"414",28101,2,0.125,1.25
"415",28103,1,0.0625,0.625
"416",28105,1,0.0625,0.625
"417",28109,10,0.625,6.25
"418",28111,5,0.3125,3.125
"419",28113,3,0.1875,1.875
"420",28121,1,0.0625,0.625
"421",28123,1,0.0625,0.625
"422",28127,2,0.125,1.25
"423",28129,2,0.125,1.25
"424",28131,9,0.5625,5.625
"425",28147,4,0.25,2.5
"426",28149,1,0.0625,0.625
"427",28153,4,0.25,2.5
"428",28155,1,0.0625,0.625
"429",28157,4,0.25,2.5
"430",28159,1,0.0625,0.625
"431",29017,1,0.0625,0.625
"432",29023,1,0.0625,0.625
"433",29031,1,0.0625,0.625
"434",29035,1,0.0625,0.625
"435",29091,1,0.0625,0.625
"436",29093,1,0.0625,0.625
"437",29099,1,0.0625,0.625
"438",29123,1,0.0625,0.625
"439",29149,1,0.0625,0.625
"440",29153,1,0.0625,0.625
"441",29157,1,0.0625,0.625
"442",29179,1,0.0625,0.625
"443",29181,1,0.0625,0.625
"444",29186,1,0.0625,0.625
"445",29187,1,0.0625,0.625
"446",29203,1,0.0625,0.625
"447",29221,1,0.0625,0.625
"448",29223,1,0.0625,0.625
"449",29510,1,0.0625,0.625
"450",33001,2,0.125,1.25
"451",33003,2,0.125,1.25
"452",33005,2,0.125,1.25
"453",33007,1,0.0625,0.625
"454",33009,1,0.0625,0.625
"455",33011,2,0.125,1.25
"456",33013,2,0.125,1.25
"457",33015,2,0.125,1.25
"458",33017,2,0.125,1.25
"459",33019,1,0.0625,0.625
"460",34001,4,0.25,2.5
"461",34003,4,0.25,2.5
"462",34005,3,0.1875,1.875
"463",34007,3,0.1875,1.875
"464",34009,4,0.25,2.5
"465",34011,3,0.1875,1.875
"466",34013,4,0.25,2.5
"467",34015,3,0.1875,1.875
"468",34017,4,0.25,2.5
"469",34019,2,0.125,1.25
"470",34021,4,0.25,2.5
"471",34023,4,0.25,2.5
"472",34025,4,0.25,2.5
"473",34027,3,0.1875,1.875
"474",34029,4,0.25,2.5
"475",34031,4,0.25,2.5
"476",34033,3,0.1875,1.875
"477",34035,4,0.25,2.5
"478",34037,2,0.125,1.25
"479",34039,4,0.25,2.5
"480",34041,2,0.125,1.25
"481",36001,1,0.0625,0.625
"482",36005,4,0.25,2.5
"483",36021,1,0.0625,0.625
"484",36027,2,0.125,1.25
"485",36029,1,0.0625,0.625
"486",36039,1,0.0625,0.625
"487",36047,4,0.25,2.5
"488",36059,4,0.25,2.5
"489",36061,4,0.25,2.5
"490",36063,1,0.0625,0.625
"491",36071,2,0.125,1.25
"492",36073,1,0.0625,0.625
"493",36079,3,0.1875,1.875
"494",36081,4,0.25,2.5
"495",36083,1,0.0625,0.625
"496",36085,4,0.25,2.5
"497",36087,3,0.1875,1.875
"498",36089,1,0.0625,0.625
"499",36091,1,0.0625,0.625
"500",36093,1,0.0625,0.625
"501",36101,1,0.0625,0.625
"502",36103,4,0.25,2.5
"503",36111,1,0.0625,0.625
"504",36113,1,0.0625,0.625
"505",36115,1,0.0625,0.625
"506",36119,4,0.25,2.5
"507",37013,14,0.875,8.75
"508",37015,11,0.6875,6.875
"509",37017,9,0.5625,5.625
"510",37019,12,0.75,7.5
"511",37029,10,0.625,6.25
"512",37031,12,0.75,7.5
"513",37041,11,0.6875,6.875
"514",37047,9,0.5625,5.625
"515",37049,14,0.875,8.75
"516",37051,3,0.1875,1.875
"517",37053,8,0.5,5
"518",37055,13,0.8125,8.125
"519",37061,13,0.8125,8.125
"520",37063,1,0.0625,0.625
"521",37065,8,0.5,5
"522",37069,3,0.1875,1.875
"523",37073,8,0.5,5
"524",37077,1,0.0625,0.625
"525",37079,10,0.625,6.25
"526",37083,6,0.375,3.75
"527",37085,3,0.1875,1.875
"528",37091,8,0.5,5
"529",37093,2,0.125,1.25
"530",37095,13,0.8125,8.125
"531",37101,6,0.375,3.75
"532",37103,15,0.9375,9.375
"533",37105,1,0.0625,0.625
"534",37107,13,0.8125,8.125
"535",37117,11,0.6875,6.875
"536",37125,1,0.0625,0.625
"537",37127,6,0.375,3.75
"538",37129,11,0.6875,6.875
"539",37131,7,0.4375,4.375
"540",37133,13,0.8125,8.125
"541",37135,1,0.0625,0.625
"542",37137,15,0.9375,9.375
"543",37139,10,0.625,6.25
"544",37141,11,0.6875,6.875
"545",37143,11,0.6875,6.875
"546",37145,1,0.0625,0.625
"547",37147,11,0.6875,6.875
"548",37153,1,0.0625,0.625
"549",37155,6,0.375,3.75
"550",37163,9,0.5625,5.625
"551",37165,1,0.0625,0.625
"552",37177,12,0.75,7.5
"553",37181,2,0.125,1.25
"554",37183,3,0.1875,1.875
"555",37185,3,0.1875,1.875
"556",37187,13,0.8125,8.125
"557",37191,10,0.625,6.25
"558",37195,7,0.4375,4.375
"559",39003,1,0.0625,0.625
"560",39007,1,0.0625,0.625
"561",39011,1,0.0625,0.625
"562",39033,1,0.0625,0.625
"563",39035,1,0.0625,0.625
"564",39037,1,0.0625,0.625
"565",39039,1,0.0625,0.625
"566",39043,1,0.0625,0.625
"567",39051,1,0.0625,0.625
"568",39063,1,0.0625,0.625
"569",39065,1,0.0625,0.625
"570",39069,1,0.0625,0.625
"571",39077,1,0.0625,0.625
"572",39085,1,0.0625,0.625
"573",39091,1,0.0625,0.625
"574",39093,1,0.0625,0.625
"575",39095,1,0.0625,0.625
"576",39107,1,0.0625,0.625
"577",39123,1,0.0625,0.625
"578",39125,1,0.0625,0.625
"579",39137,1,0.0625,0.625
"580",39143,1,0.0625,0.625
"581",39147,1,0.0625,0.625
"582",39149,1,0.0625,0.625
"583",39161,1,0.0625,0.625
"584",39171,1,0.0625,0.625
"585",39173,1,0.0625,0.625
"586",39175,1,0.0625,0.625
"587",40009,1,0.0625,0.625
"588",40011,1,0.0625,0.625
"589",40015,1,0.0625,0.625
"590",40017,1,0.0625,0.625
"591",40027,1,0.0625,0.625
"592",40031,1,0.0625,0.625
"593",40033,1,0.0625,0.625
"594",40039,1,0.0625,0.625
"595",40043,1,0.0625,0.625
"596",40045,1,0.0625,0.625
"597",40051,1,0.0625,0.625
"598",40055,1,0.0625,0.625
"599",40057,1,0.0625,0.625
"600",40065,1,0.0625,0.625
"601",40073,1,0.0625,0.625
"602",40075,1,0.0625,0.625
"603",40087,1,0.0625,0.625
"604",40093,1,0.0625,0.625
"605",40109,1,0.0625,0.625
"606",40129,1,0.0625,0.625
"607",40137,1,0.0625,0.625
"608",40141,1,0.0625,0.625
"609",40149,1,0.0625,0.625
"610",40153,1,0.0625,0.625
"611",42001,1,0.0625,0.625
"612",42005,2,0.125,1.25
"613",42009,2,0.125,1.25
"614",42011,1,0.0625,0.625
"615",42013,1,0.0625,0.625
"616",42017,2,0.125,1.25
"617",42021,2,0.125,1.25
"618",42025,1,0.0625,0.625
"619",42027,1,0.0625,0.625
"620",42029,1,0.0625,0.625
"621",42031,1,0.0625,0.625
"622",42033,1,0.0625,0.625
"623",42035,1,0.0625,0.625
"624",42037,1,0.0625,0.625
"625",42041,1,0.0625,0.625
"626",42043,1,0.0625,0.625
"627",42045,3,0.1875,1.875
"628",42049,1,0.0625,0.625
"629",42051,1,0.0625,0.625
"630",42055,1,0.0625,0.625
"631",42057,1,0.0625,0.625
"632",42061,1,0.0625,0.625
"633",42063,2,0.125,1.25
"634",42065,1,0.0625,0.625
"635",42067,1,0.0625,0.625
"636",42069,1,0.0625,0.625
"637",42071,1,0.0625,0.625
"638",42075,1,0.0625,0.625
"639",42077,1,0.0625,0.625
"640",42079,1,0.0625,0.625
"641",42081,1,0.0625,0.625
"642",42087,1,0.0625,0.625
"643",42089,1,0.0625,0.625
"644",42091,2,0.125,1.25
"645",42093,1,0.0625,0.625
"646",42095,2,0.125,1.25
"647",42097,1,0.0625,0.625
"648",42099,1,0.0625,0.625
"649",42101,3,0.1875,1.875
"650",42103,1,0.0625,0.625
"651",42105,1,0.0625,0.625
"652",42107,1,0.0625,0.625
"653",42109,1,0.0625,0.625
"654",42111,2,0.125,1.25
"655",42113,1,0.0625,0.625
"656",42119,1,0.0625,0.625
"657",42127,1,0.0625,0.625
"658",42129,1,0.0625,0.625
"659",42131,1,0.0625,0.625
"660",42133,1,0.0625,0.625
"661",44001,2,0.125,1.25
"662",44003,3,0.1875,1.875
"663",44005,3,0.1875,1.875
"664",44007,3,0.1875,1.875
"665",44009,4,0.25,2.5
"666",45005,1,0.0625,0.625
"667",45009,1,0.0625,0.625
"668",45011,1,0.0625,0.625
"669",45013,5,0.3125,3.125
"670",45015,7,0.4375,4.375
"671",45017,2,0.125,1.25
"672",45019,8,0.5,5
"673",45027,4,0.25,2.5
"674",45029,3,0.1875,1.875
"675",45031,3,0.1875,1.875
"676",45033,7,0.4375,4.375
"677",45035,6,0.375,3.75
"678",45041,6,0.375,3.75
"679",45043,11,0.6875,6.875
"680",45049,1,0.0625,0.625
"681",45051,11,0.6875,6.875
"682",45053,3,0.1875,1.875
"683",45055,1,0.0625,0.625
"684",45061,2,0.125,1.25
"685",45067,8,0.5,5
"686",45069,1,0.0625,0.625
"687",45075,1,0.0625,0.625
"688",45085,2,0.125,1.25
"689",45089,6,0.375,3.75
"690",48001,1,0.0625,0.625
"691",48005,3,0.1875,1.875
"692",48007,4,0.25,2.5
"693",48013,2,0.125,1.25
"694",48015,2,0.125,1.25
"695",48021,1,0.0625,0.625
"696",48025,3,0.1875,1.875
"697",48029,2,0.125,1.25
"698",48037,1,0.0625,0.625
"699",48039,7,0.4375,4.375
"700",48041,1,0.0625,0.625
"701",48047,3,0.1875,1.875
"702",48051,1,0.0625,0.625
"703",48055,1,0.0625,0.625
"704",48057,1,0.0625,0.625
"705",48061,5,0.3125,3.125
"706",48067,1,0.0625,0.625
"707",48071,6,0.375,3.75
"708",48073,1,0.0625,0.625
"709",48087,1,0.0625,0.625
"710",48089,2,0.125,1.25
"711",48091,2,0.125,1.25
"712",48123,1,0.0625,0.625
"713",48127,1,0.0625,0.625
"714",48131,4,0.25,2.5
"715",48149,2,0.125,1.25
"716",48157,5,0.3125,3.125
"717",48161,1,0.0625,0.625
"718",48163,1,0.0625,0.625
"719",48167,6,0.375,3.75
"720",48175,3,0.1875,1.875
"721",48177,1,0.0625,0.625
"722",48183,1,0.0625,0.625
"723",48185,1,0.0625,0.625
"724",48187,2,0.125,1.25
"725",48199,4,0.25,2.5
"726",48201,7,0.4375,4.375
"727",48203,1,0.0625,0.625
"728",48209,1,0.0625,0.625
"729",48211,1,0.0625,0.625
"730",48213,1,0.0625,0.625
"731",48215,5,0.3125,3.125
"732",48225,1,0.0625,0.625
"733",48239,3,0.1875,1.875
"734",48241,4,0.25,2.5
"735",48245,5,0.3125,3.125
"736",48247,2,0.125,1.25
"737",48249,4,0.25,2.5
"738",48255,2,0.125,1.25
"739",48261,3,0.1875,1.875
"740",48273,4,0.25,2.5
"741",48283,2,0.125,1.25
"742",48285,1,0.0625,0.625
"743",48287,2,0.125,1.25
"744",48289,1,0.0625,0.625
"745",48291,4,0.25,2.5
"746",48293,1,0.0625,0.625
"747",48297,3,0.1875,1.875
"748",48311,3,0.1875,1.875
"749",48313,1,0.0625,0.625
"750",48315,1,0.0625,0.625
"751",48321,5,0.3125,3.125
"752",48325,1,0.0625,0.625
"753",48331,1,0.0625,0.625
"754",48339,4,0.25,2.5
"755",48343,1,0.0625,0.625
"756",48347,2,0.125,1.25
"757",48351,6,0.375,3.75
"758",48355,4,0.25,2.5
"759",48361,5,0.3125,3.125
"760",48365,1,0.0625,0.625
"761",48373,4,0.25,2.5
"762",48391,3,0.1875,1.875
"763",48395,1,0.0625,0.625
"764",48401,1,0.0625,0.625
"765",48403,3,0.1875,1.875
"766",48405,3,0.1875,1.875
"767",48407,4,0.25,2.5
"768",48409,4,0.25,2.5
"769",48419,2,0.125,1.25
"770",48423,1,0.0625,0.625
"771",48427,3,0.1875,1.875
"772",48455,3,0.1875,1.875
"773",48457,4,0.25,2.5
"774",48459,1,0.0625,0.625
"775",48463,1,0.0625,0.625
"776",48469,1,0.0625,0.625
"777",48471,3,0.1875,1.875
"778",48473,3,0.1875,1.875
"779",48477,2,0.125,1.25
"780",48479,2,0.125,1.25
"781",48481,3,0.1875,1.875
"782",48483,1,0.0625,0.625
"783",48489,5,0.3125,3.125
"784",48493,2,0.125,1.25
"785",48505,2,0.125,1.25
"786",48507,1,0.0625,0.625
"787",50003,1,0.0625,0.625
"788",50005,1,0.0625,0.625
"789",50009,1,0.0625,0.625
"790",50017,1,0.0625,0.625
"791",50021,1,0.0625,0.625
"792",50023,1,0.0625,0.625
"793",50025,1,0.0625,0.625
"794",50027,1,0.0625,0.625
"795",51001,5,0.3125,3.125
"796",51003,1,0.0625,0.625
"797",51007,1,0.0625,0.625
"798",51009,1,0.0625,0.625
"799",51011,1,0.0625,0.625
"800",51013,2,0.125,1.25
"801",51015,1,0.0625,0.625
"802",51025,4,0.25,2.5
"803",51029,1,0.0625,0.625
"804",51031,1,0.0625,0.625
"805",51033,2,0.125,1.25
"806",51036,4,0.25,2.5
"807",51037,1,0.0625,0.625
"808",51041,3,0.1875,1.875
"809",51043,2,0.125,1.25
"810",51047,1,0.0625,0.625
"811",51049,1,0.0625,0.625
"812",51053,4,0.25,2.5
"813",51057,3,0.1875,1.875
"814",51059,2,0.125,1.25
"815",51061,1,0.0625,0.625
"816",51065,1,0.0625,0.625
"817",51069,2,0.125,1.25
"818",51073,5,0.3125,3.125
"819",51075,1,0.0625,0.625
"820",51079,1,0.0625,0.625
"821",51081,5,0.3125,3.125
"822",51083,1,0.0625,0.625
"823",51085,3,0.1875,1.875
"824",51087,3,0.1875,1.875
"825",51093,8,0.5,5
"826",51095,5,0.3125,3.125
"827",51097,4,0.25,2.5
"828",51099,2,0.125,1.25
"829",51101,3,0.1875,1.875
"830",51103,5,0.3125,3.125
"831",51107,2,0.125,1.25
"832",51109,1,0.0625,0.625
"833",51111,1,0.0625,0.625
"834",51113,1,0.0625,0.625
"835",51115,6,0.375,3.75
"836",51117,1,0.0625,0.625
"837",51119,5,0.3125,3.125
"838",51125,1,0.0625,0.625
"839",51127,4,0.25,2.5
"840",51131,7,0.4375,4.375
"841",51133,5,0.3125,3.125
"842",51135,1,0.0625,0.625
"843",51137,1,0.0625,0.625
"844",51139,1,0.0625,0.625
"845",51145,1,0.0625,0.625
"846",51147,1,0.0625,0.625
"847",51149,5,0.3125,3.125
"848",51153,1,0.0625,0.625
"849",51157,1,0.0625,0.625
"850",51159,4,0.25,2.5
"851",51165,1,0.0625,0.625
"852",51171,1,0.0625,0.625
"853",51175,7,0.4375,4.375
"854",51177,1,0.0625,0.625
"855",51179,2,0.125,1.25
"856",51181,5,0.3125,3.125
"857",51183,5,0.3125,3.125
"858",51187,1,0.0625,0.625
"859",51193,3,0.1875,1.875
"860",51199,6,0.375,3.75
"861",51510,2,0.125,1.25
"862",51530,1,0.0625,0.625
"863",51540,1,0.0625,0.625
"864",51550,8,0.5,5
"865",51570,4,0.25,2.5
"866",51595,5,0.3125,3.125
"867",51600,2,0.125,1.25
"868",51610,2,0.125,1.25
"869",51620,8,0.5,5
"870",51630,1,0.0625,0.625
"871",51650,8,0.5,5
"872",51660,1,0.0625,0.625
"873",51670,4,0.25,2.5
"874",51680,1,0.0625,0.625
"875",51683,1,0.0625,0.625
"876",51685,1,0.0625,0.625
"877",51700,7,0.4375,4.375
"878",51710,8,0.5,5
"879",51730,4,0.25,2.5
"880",51735,7,0.4375,4.375
"881",51740,8,0.5,5
"882",51760,3,0.1875,1.875
"883",51790,1,0.0625,0.625
"884",51800,8,0.5,5
"885",51810,8,0.5,5
"886",51820,1,0.0625,0.625
"887",51830,5,0.3125,3.125
"888",51840,2,0.125,1.25
"889",54003,2,0.125,1.25
"890",54023,1,0.0625,0.625
"891",54027,2,0.125,1.25
"892",54031,1,0.0625,0.625
"893",54037,2,0.125,1.25
"894",54057,1,0.0625,0.625
"895",54065,2,0.125,1.25
"896",54071,1,0.0625,0.625
"897",54077,1,0.0625,0.625
"898",54093,1,0.0625,0.625
